{
    "key": "group_63ea0e76b2277",
    "title": "Block: Testimonials",
    "fields": [
        {
            "key": "field_63ea0e77cc52e",
            "label": "Testimonials",
            "name": "testimonials",
            "aria-label": "",
            "type": "post_object",
            "instructions": "",
            "required": 0,
            "conditional_logic": 0,
            "wrapper": {
                "width": "",
                "class": "",
                "id": ""
            },
            "post_type": [
                "testimonials"
            ],
            "taxonomy": "",
            "return_format": "object",
            "multiple": 1,
            "translations": "copy_once",
            "allow_null": 0,
            "ui": 1
        }
    ],
    "location": [
        [
            {
                "param": "block",
                "operator": "==",
                "value": "acf\/testimonials-swiper"
            }
        ]
    ],
    "menu_order": 0,
    "position": "normal",
    "style": "default",
    "label_placement": "top",
    "instruction_placement": "label",
    "hide_on_screen": "",
    "active": true,
    "description": "",
    "show_in_rest": 0,
    "modified": 1676283556
}