{
    "key": "group_65ce0f40e81ca",
    "title": "Block: Timeline",
    "fields": [
        {
            "key": "field_65e58e3363a33",
            "label": "Description",
            "name": "",
            "aria-label": "",
            "type": "message",
            "instructions": "",
            "required": 0,
            "conditional_logic": 0,
            "wrapper": {
                "width": "",
                "class": "",
                "id": ""
            },
            "message": "Please be sure that the page on which the timeline block is being displayed has \"timline\" as the first word in the URL. e.g. wikimedia.de\/timeline-example",
            "new_lines": "wpautop",
            "esc_html": 0
        },
        {
            "key": "field_65ce296b77b15",
            "label": "Years",
            "name": "years",
            "aria-label": "",
            "type": "repeater",
            "instructions": "",
            "required": 0,
            "conditional_logic": 0,
            "wrapper": {
                "width": "",
                "class": "",
                "id": ""
            },
            "layout": "row",
            "pagination": 0,
            "min": 0,
            "max": 0,
            "collapsed": "",
            "button_label": "Eintrag hinzufügen",
            "rows_per_page": 20,
            "sub_fields": [
                {
                    "key": "field_65ce298977b16",
                    "label": "Year",
                    "name": "year",
                    "aria-label": "",
                    "type": "number",
                    "instructions": "",
                    "required": 1,
                    "conditional_logic": 0,
                    "wrapper": {
                        "width": "",
                        "class": "",
                        "id": ""
                    },
                    "default_value": "",
                    "translations": "copy_once",
                    "min": "",
                    "max": "",
                    "placeholder": "",
                    "step": "",
                    "prepend": "",
                    "append": "",
                    "parent_repeater": "field_65ce296b77b15"
                },
                {
                    "key": "field_65ce0f4178580",
                    "label": "Pick Pages",
                    "name": "pick_pages",
                    "aria-label": "",
                    "type": "post_object",
                    "instructions": "",
                    "required": 0,
                    "conditional_logic": 0,
                    "wrapper": {
                        "width": "",
                        "class": "",
                        "id": ""
                    },
                    "post_type": [
                        "timeline-item"
                    ],
                    "post_status": "",
                    "taxonomy": "",
                    "return_format": "object",
                    "multiple": 1,
                    "translations": "copy_once",
                    "allow_null": 0,
                    "ui": 1,
                    "parent_repeater": "field_65ce296b77b15"
                }
            ]
        }
    ],
    "location": [
        [
            {
                "param": "block",
                "operator": "==",
                "value": "acf\/timeline"
            }
        ]
    ],
    "menu_order": 0,
    "position": "normal",
    "style": "default",
    "label_placement": "top",
    "instruction_placement": "label",
    "hide_on_screen": "",
    "active": true,
    "description": "",
    "show_in_rest": 0,
    "modified": 1709543084
}