{
    "key": "group_5d67bd54bab89",
    "title": "Block: Facts",
    "fields": [
        {
            "key": "field_5d67bd5800b31",
            "label": "Facts",
            "name": "facts",
            "aria-label": "",
            "type": "repeater",
            "instructions": "",
            "required": 0,
            "conditional_logic": 0,
            "wrapper": {
                "width": "",
                "class": "",
                "id": ""
            },
            "layout": "block",
            "pagination": 0,
            "min": 0,
            "max": 0,
            "collapsed": "field_5d67bdac00b32",
            "button_label": "Eintrag hinzufügen",
            "rows_per_page": 20,
            "sub_fields": [
                {
                    "key": "field_63eb83faccb25",
                    "label": "Value",
                    "name": "value",
                    "aria-label": "",
                    "type": "text",
                    "instructions": "",
                    "required": 1,
                    "conditional_logic": 0,
                    "wrapper": {
                        "width": "",
                        "class": "",
                        "id": ""
                    },
                    "default_value": "",
                    "translations": "translate",
                    "maxlength": "",
                    "placeholder": "",
                    "prepend": "",
                    "append": "",
                    "parent_repeater": "field_5d67bd5800b31"
                },
                {
                    "key": "field_63eb8413ccb26",
                    "label": "Details",
                    "name": "details",
                    "aria-label": "",
                    "type": "wysiwyg",
                    "instructions": "",
                    "required": 0,
                    "conditional_logic": 0,
                    "wrapper": {
                        "width": "",
                        "class": "",
                        "id": ""
                    },
                    "default_value": "",
                    "translations": "translate",
                    "tabs": "visual",
                    "toolbar": "wmde",
                    "media_upload": 0,
                    "delay": 0,
                    "parent_repeater": "field_5d67bd5800b31"
                },
                {
                    "key": "field_63eb8446ccb28",
                    "label": "Shape",
                    "name": "shape",
                    "aria-label": "",
                    "type": "select",
                    "instructions": "",
                    "required": 0,
                    "conditional_logic": 0,
                    "wrapper": {
                        "width": "",
                        "class": "",
                        "id": ""
                    },
                    "choices": {
                        "1": "1",
                        "2": "2",
                        "3": "3",
                        "4": "4",
                        "5": "5",
                        "6": "6"
                    },
                    "default_value": 1,
                    "return_format": "value",
                    "multiple": 0,
                    "translations": "copy_once",
                    "allow_null": 0,
                    "ui": 0,
                    "ajax": 0,
                    "placeholder": "",
                    "parent_repeater": "field_5d67bd5800b31"
                }
            ]
        }
    ],
    "location": [
        [
            {
                "param": "block",
                "operator": "==",
                "value": "acf\/facts"
            }
        ]
    ],
    "menu_order": 0,
    "position": "normal",
    "style": "seamless",
    "label_placement": "top",
    "instruction_placement": "label",
    "hide_on_screen": "",
    "active": true,
    "description": "",
    "show_in_rest": 0,
    "modified": 1676383687
}