{
    "key": "group_5dc40a85dcaf6",
    "title": "Block: Responsive Table",
    "fields": [
        {
            "key": "field_5dc4196bacebf",
            "label": "Rows",
            "name": "rows",
            "aria-label": "",
            "type": "repeater",
            "instructions": "",
            "required": 0,
            "conditional_logic": 0,
            "wrapper": {
                "width": "",
                "class": "",
                "id": ""
            },
            "collapsed": "",
            "min": 0,
            "max": 0,
            "layout": "row",
            "button_label": "Reihe hinzufügen",
            "rows_per_page": 20,
            "sub_fields": [
                {
                    "key": "field_5dc41c3f61c97",
                    "label": "Is Table Head?",
                    "name": "is_table_head",
                    "aria-label": "",
                    "type": "true_false",
                    "instructions": "",
                    "required": 0,
                    "conditional_logic": 0,
                    "wrapper": {
                        "width": "",
                        "class": "",
                        "id": ""
                    },
                    "message": "",
                    "default_value": 0,
                    "ui": 1,
                    "ui_on_text": "",
                    "ui_off_text": "",
                    "translations": "copy_once",
                    "parent_repeater": "field_5dc4196bacebf"
                },
                {
                    "key": "field_5dc41c6761c98",
                    "label": "Column(s)",
                    "name": "columns",
                    "aria-label": "",
                    "type": "repeater",
                    "instructions": "Bitte darauf achten, die Anzahl der Spalten in jeder Reihe die selbe ist.",
                    "required": 0,
                    "conditional_logic": 0,
                    "wrapper": {
                        "width": "",
                        "class": "",
                        "id": ""
                    },
                    "collapsed": "field_5dc41c7361c99",
                    "min": 0,
                    "max": 0,
                    "layout": "row",
                    "button_label": "Spalte hinzufügen",
                    "rows_per_page": 20,
                    "parent_repeater": "field_5dc4196bacebf",
                    "sub_fields": [
                        {
                            "key": "field_608aa553562b2",
                            "label": "Right Align",
                            "name": "right_align",
                            "aria-label": "",
                            "type": "true_false",
                            "instructions": "",
                            "required": 0,
                            "conditional_logic": 0,
                            "wrapper": {
                                "width": "",
                                "class": "",
                                "id": ""
                            },
                            "message": "",
                            "default_value": 0,
                            "ui": 1,
                            "ui_on_text": "",
                            "ui_off_text": "",
                            "translations": "copy_once",
                            "parent_repeater": "field_5dc41c6761c98"
                        },
                        {
                            "key": "field_5dc41c7361c99",
                            "label": "Column",
                            "name": "column",
                            "aria-label": "",
                            "type": "wysiwyg",
                            "instructions": "",
                            "required": 0,
                            "conditional_logic": 0,
                            "wrapper": {
                                "width": "",
                                "class": "",
                                "id": ""
                            },
                            "default_value": "",
                            "tabs": "all",
                            "toolbar": "full",
                            "media_upload": 0,
                            "delay": 0,
                            "translations": "translate",
                            "parent_repeater": "field_5dc41c6761c98"
                        }
                    ]
                }
            ]
        }
    ],
    "location": [
        [
            {
                "param": "block",
                "operator": "==",
                "value": "acf\/responsive-table"
            }
        ]
    ],
    "menu_order": 0,
    "position": "normal",
    "style": "default",
    "label_placement": "top",
    "instruction_placement": "label",
    "hide_on_screen": "",
    "active": true,
    "description": "",
    "show_in_rest": 0,
    "modified": 1677666020
}