{
    "key": "group_6422c8a5e0187",
    "title": "Block: Latest Publications",
    "fields": [
        {
            "key": "field_6422c8a6268bf",
            "label": "Number of publications",
            "name": "count",
            "aria-label": "",
            "type": "number",
            "instructions": "",
            "required": 1,
            "conditional_logic": 0,
            "wrapper": {
                "width": "",
                "class": "",
                "id": ""
            },
            "default_value": 4,
            "translations": "copy_once",
            "min": 1,
            "max": "",
            "placeholder": "",
            "step": 1,
            "prepend": "",
            "append": ""
        }
    ],
    "location": [
        [
            {
                "param": "block",
                "operator": "==",
                "value": "acf\/latest-publications"
            }
        ]
    ],
    "menu_order": 0,
    "position": "normal",
    "style": "default",
    "label_placement": "top",
    "instruction_placement": "label",
    "hide_on_screen": "",
    "active": true,
    "description": "",
    "show_in_rest": 0,
    "modified": 1680001626
}