{
	"key": "group_64b7e6e7940a0",
	"title": "Gutenberg Blocks",
	"fields": [
		{
			"key": "field_650013a4c8e61",
			"label": "Load all WMDE Blocks",
			"name": "load_all_wmde_blocks",
			"aria-label": "",
			"type": "true_false",
			"instructions": "",
			"required": 0,
			"conditional_logic": 0,
			"wrapper": {
				"width": "",
				"class": "",
				"id": ""
			},
			"message": "",
			"default_value": 0,
			"translations": "copy_once",
			"ui_on_text": "",
			"ui_off_text": "",
			"ui": 1
		},
		{
			"key": "field_64b7e6e796109",
			"label": "Enabled WMDE Blocks",
			"name": "wmde_blocks_enabled",
			"aria-label": "",
			"type": "select",
			"instructions": "",
			"required": 0,
			"conditional_logic": [
				[
					{
						"field": "field_650013a4c8e61",
						"operator": "!=",
						"value": "1"
					}
				]
			],
			"wrapper": {
				"width": "",
				"class": "",
				"id": ""
			},
			"choices": {
				"accordion": "accordion",
				"blockquote": "blockquote",
				"button": "button",
				"card": "card",
				"card-publication": "card-publication",
				"clone-library": "clone-library",
				"facts": "facts",
				"featured-events": "featured-events",
				"gallery-lightbox": "gallery-lightbox",
				"gallery-swiper": "gallery-swiper",
				"heading": "heading",
				"image": "image",
				"latest-posts": "latest-posts",
				"latest-press-releases": "latest-press-releases",
				"latest-publications": "latest-publications",
				"latest-wikimove-podcasts": "latest-wikimove-podcasts",
				"logo-graveyard": "logo-graveyard",
				"newsletter": "newsletter",
				"newsletter-forum-offene-ki": "newsletter-forum-offene-ki",
				"organigramm": "organigramm",
				"paragraph": "paragraph",
				"projects-swiper": "projects-swiper",
				"responsive-table": "responsive-table",
				"spacer": "spacer",
				"team-members": "team-members",
				"testimonials-swiper": "testimonials-swiper",
				"text-image-float": "text-image-float",
				"theme": "theme",
				"wikimedia-commons-media": "wikimedia-commons-media"
			},
			"default_value": [
				"accordion",
				"blockquote",
				"button",
				"card",
				"card-publication",
				"clone-library",
				"facts",
				"featured-events",
				"gallery-lightbox",
				"gallery-swiper",
				"heading",
				"image",
				"latest-posts",
				"latest-press-releases",
				"latest-publications",
				"latest-wikimove-podcasts",
				"logo-graveyard",
				"newsletter",
				"organigramm",
				"paragraph",
				"projects-swiper",
				"responsive-table",
				"spacer",
				"team-members",
				"testimonials-swiper",
				"text-image-float",
				"theme",
				"wikimedia-commons-media"
			],
			"return_format": "value",
			"multiple": 1,
			"translations": "copy_once",
			"allow_null": 0,
			"ui": 1,
			"ajax": 0,
			"placeholder": ""
		},
		{
			"key": "field_650013d9c8e62",
			"label": "Load all WP Blocks",
			"name": "load_all_wp_blocks",
			"aria-label": "",
			"type": "true_false",
			"instructions": "",
			"required": 0,
			"conditional_logic": 0,
			"wrapper": {
				"width": "",
				"class": "",
				"id": ""
			},
			"message": "",
			"default_value": 0,
			"translations": "copy_once",
			"ui_on_text": "",
			"ui_off_text": "",
			"ui": 1
		},
		{
			"key": "field_64b7e6e79610c",
			"label": "Enabled WP Blocks",
			"name": "wp_blocks_enabled",
			"aria-label": "",
			"type": "select",
			"instructions": "Recommended: 'core/group', 'core/column', 'core/columns', 'core/html', 'core/file', 'core/shortcode'.",
			"required": 0,
			"conditional_logic": [
				[
					{
						"field": "field_650013d9c8e62",
						"operator": "!=",
						"value": "1"
					}
				]
			],
			"wrapper": {
				"width": "",
				"class": "",
				"id": ""
			},
			"choices": {
				"core/archives": "core/archives",
				"core/audio": "core/audio",
				"core/avatar": "core/avatar",
				"core/block": "core/block",
				"core/button": "core/button",
				"core/buttons": "core/buttons",
				"core/calendar": "core/calendar",
				"core/categories": "core/categories",
				"core/code": "core/code",
				"core/column": "core/column",
				"core/columns": "core/columns",
				"core/comment-author-name": "core/comment-author-name",
				"core/comment-content": "core/comment-content",
				"core/comment-date": "core/comment-date",
				"core/comment-edit-link": "core/comment-edit-link",
				"core/comment-reply-link": "core/comment-reply-link",
				"core/comment-template": "core/comment-template",
				"core/comments": "core/comments",
				"core/comments-pagination": "core/comments-pagination",
				"core/comments-pagination-next": "core/comments-pagination-next",
				"core/comments-pagination-numbers": "core/comments-pagination-numbers",
				"core/comments-pagination-previous": "core/comments-pagination-previous",
				"core/comments-title": "core/comments-title",
				"core/cover": "core/cover",
				"core/details": "core/details",
				"core/embed": "core/embed",
				"core/file": "core/file",
				"core/footnotes": "core/footnotes",
				"core/freeform": "core/freeform",
				"core/gallery": "core/gallery",
				"core/group": "core/group",
				"core/heading": "core/heading",
				"core/home-link": "core/home-link",
				"core/html": "core/html",
				"core/image": "core/image",
				"core/latest-comments": "core/latest-comments",
				"core/latest-posts": "core/latest-posts",
				"core/legacy-widget": "core/legacy-widget",
				"core/list": "core/list",
				"core/list-item": "core/list-item",
				"core/loginout": "core/loginout",
				"core/media-text": "core/media-text",
				"core/missing": "core/missing",
				"core/more": "core/more",
				"core/navigation": "core/navigation",
				"core/navigation-link": "core/navigation-link",
				"core/navigation-submenu": "core/navigation-submenu",
				"core/nextpage": "core/nextpage",
				"core/page-list": "core/page-list",
				"core/page-list-item": "core/page-list-item",
				"core/paragraph": "core/paragraph",
				"core/pattern": "core/pattern",
				"core/post-author": "core/post-author",
				"core/post-author-biography": "core/post-author-biography",
				"core/post-author-name": "core/post-author-name",
				"core/post-comments": "core/post-comments",
				"core/post-comments-form": "core/post-comments-form",
				"core/post-content": "core/post-content",
				"core/post-date": "core/post-date",
				"core/post-excerpt": "core/post-excerpt",
				"core/post-featured-image": "core/post-featured-image",
				"core/post-navigation-link": "core/post-navigation-link",
				"core/post-template": "core/post-template",
				"core/post-terms": "core/post-terms",
				"core/post-title": "core/post-title",
				"core/preformatted": "core/preformatted",
				"core/pullquote": "core/pullquote",
				"core/query": "core/query",
				"core/query-no-results": "core/query-no-results",
				"core/query-pagination": "core/query-pagination",
				"core/query-pagination-next": "core/query-pagination-next",
				"core/query-pagination-numbers": "core/query-pagination-numbers",
				"core/query-pagination-previous": "core/query-pagination-previous",
				"core/query-title": "core/query-title",
				"core/quote": "core/quote",
				"core/read-more": "core/read-more",
				"core/rss": "core/rss",
				"core/search": "core/search",
				"core/separator": "core/separator",
				"core/shortcode": "core/shortcode",
				"core/site-logo": "core/site-logo",
				"core/site-tagline": "core/site-tagline",
				"core/site-title": "core/site-title",
				"core/social-link": "core/social-link",
				"core/social-links": "core/social-links",
				"core/spacer": "core/spacer",
				"core/table": "core/table",
				"core/tag-cloud": "core/tag-cloud",
				"core/template-part": "core/template-part",
				"core/term-description": "core/term-description",
				"core/text-columns": "core/text-columns",
				"core/verse": "core/verse",
				"core/video": "core/video",
				"core/widget-group": "core/widget-group"
			},
			"default_value": ["core/group", "core/column", "core/columns", "core/html", "core/file", "core/shortcode"],
			"return_format": "value",
			"multiple": 1,
			"translations": "copy_once",
			"allow_null": 0,
			"ui": 1,
			"ajax": 0,
			"placeholder": ""
		}
	],
	"location": [
		[
			{
				"param": "options_page",
				"operator": "==",
				"value": "acf-options"
			}
		]
	],
	"menu_order": 0,
	"position": "normal",
	"style": "default",
	"label_placement": "top",
	"instruction_placement": "label",
	"hide_on_screen": "",
	"active": true,
	"description": "",
	"show_in_rest": 0,
	"modified": 1694503971
}
