{
    "key": "group_5ffc2b237573b",
    "title": "Block: Organigramm",
    "fields": [
        {
            "key": "field_6437fe5f8a803",
            "label": "Header",
            "name": "header",
            "aria-label": "",
            "type": "group",
            "instructions": "",
            "required": 0,
            "conditional_logic": 0,
            "wrapper": {
                "width": "",
                "class": "",
                "id": ""
            },
            "layout": "block",
            "sub_fields": [
                {
                    "key": "field_6437fe798a804",
                    "label": "Legend left",
                    "name": "legend_left",
                    "aria-label": "",
                    "type": "repeater",
                    "instructions": "",
                    "required": 0,
                    "conditional_logic": 0,
                    "wrapper": {
                        "width": "",
                        "class": "",
                        "id": ""
                    },
                    "layout": "row",
                    "pagination": 0,
                    "min": 0,
                    "max": 0,
                    "collapsed": "",
                    "button_label": "Eintrag hinzufügen",
                    "rows_per_page": 20,
                    "sub_fields": [
                        {
                            "key": "field_6437fe888a805",
                            "label": "Label",
                            "name": "label",
                            "aria-label": "",
                            "type": "text",
                            "instructions": "",
                            "required": 0,
                            "conditional_logic": 0,
                            "wrapper": {
                                "width": "",
                                "class": "",
                                "id": ""
                            },
                            "default_value": "",
                            "translations": "translate",
                            "maxlength": "",
                            "placeholder": "",
                            "prepend": "",
                            "append": "",
                            "parent_repeater": "field_6437fe798a804"
                        },
                        {
                            "key": "field_6437fe978a806",
                            "label": "Color",
                            "name": "color",
                            "aria-label": "",
                            "type": "button_group",
                            "instructions": "",
                            "required": 0,
                            "conditional_logic": 0,
                            "wrapper": {
                                "width": "",
                                "class": "",
                                "id": ""
                            },
                            "choices": {
                                "orange": "orange",
                                "blue": "blue",
                                "cyan": "cyan"
                            },
                            "default_value": "orange",
                            "return_format": "value",
                            "translations": "copy_once",
                            "allow_null": 0,
                            "layout": "horizontal",
                            "parent_repeater": "field_6437fe798a804"
                        }
                    ]
                },
                {
                    "key": "field_6437ff358a807",
                    "label": "Texts in half circle",
                    "name": "texts_in_half_circle",
                    "aria-label": "",
                    "type": "repeater",
                    "instructions": "",
                    "required": 0,
                    "conditional_logic": 0,
                    "wrapper": {
                        "width": "",
                        "class": "",
                        "id": ""
                    },
                    "layout": "table",
                    "pagination": 0,
                    "min": 0,
                    "max": 0,
                    "collapsed": "",
                    "button_label": "Eintrag hinzufügen",
                    "rows_per_page": 20,
                    "sub_fields": [
                        {
                            "key": "field_6437ff478a808",
                            "label": "text",
                            "name": "text",
                            "aria-label": "",
                            "type": "text",
                            "instructions": "",
                            "required": 0,
                            "conditional_logic": 0,
                            "wrapper": {
                                "width": "",
                                "class": "",
                                "id": ""
                            },
                            "default_value": "",
                            "translations": "translate",
                            "maxlength": "",
                            "placeholder": "",
                            "prepend": "",
                            "append": "",
                            "parent_repeater": "field_6437ff358a807"
                        }
                    ]
                },
                {
                    "key": "field_6437ff568a809",
                    "label": "date",
                    "name": "date",
                    "aria-label": "",
                    "type": "date_picker",
                    "instructions": "",
                    "required": 0,
                    "conditional_logic": 0,
                    "wrapper": {
                        "width": "",
                        "class": "",
                        "id": ""
                    },
                    "display_format": "d.m.Y",
                    "return_format": "d.m.Y",
                    "first_day": 1,
                    "translations": "copy_once"
                }
            ]
        },
        {
            "key": "field_643800b687320",
            "label": "Middle Section",
            "name": "middle_section",
            "aria-label": "",
            "type": "group",
            "instructions": "",
            "required": 0,
            "conditional_logic": 0,
            "wrapper": {
                "width": "",
                "class": "",
                "id": ""
            },
            "layout": "block",
            "sub_fields": [
                {
                    "key": "field_643800d187321",
                    "label": "chapters left",
                    "name": "chapters_left",
                    "aria-label": "",
                    "type": "repeater",
                    "instructions": "",
                    "required": 0,
                    "conditional_logic": 0,
                    "wrapper": {
                        "width": "",
                        "class": "",
                        "id": ""
                    },
                    "layout": "table",
                    "pagination": 0,
                    "min": 0,
                    "max": 0,
                    "collapsed": "",
                    "button_label": "Eintrag hinzufügen",
                    "rows_per_page": 20,
                    "sub_fields": [
                        {
                            "key": "field_643800dc87322",
                            "label": "text",
                            "name": "text",
                            "aria-label": "",
                            "type": "text",
                            "instructions": "",
                            "required": 0,
                            "conditional_logic": 0,
                            "wrapper": {
                                "width": "",
                                "class": "",
                                "id": ""
                            },
                            "default_value": "",
                            "translations": "translate",
                            "maxlength": "",
                            "placeholder": "",
                            "prepend": "",
                            "append": "",
                            "parent_repeater": "field_643800d187321"
                        }
                    ]
                },
                {
                    "key": "field_64380110890ef",
                    "label": "Circle Middle",
                    "name": "circle_middle",
                    "aria-label": "",
                    "type": "group",
                    "instructions": "",
                    "required": 0,
                    "conditional_logic": 0,
                    "wrapper": {
                        "width": "",
                        "class": "",
                        "id": ""
                    },
                    "layout": "block",
                    "sub_fields": [
                        {
                            "key": "field_64380124890f0",
                            "label": "headline",
                            "name": "headline",
                            "aria-label": "",
                            "type": "text",
                            "instructions": "",
                            "required": 0,
                            "conditional_logic": 0,
                            "wrapper": {
                                "width": "",
                                "class": "",
                                "id": ""
                            },
                            "default_value": "",
                            "translations": "translate",
                            "maxlength": "",
                            "placeholder": "",
                            "prepend": "",
                            "append": ""
                        },
                        {
                            "key": "field_6438012f890f1",
                            "label": "people",
                            "name": "people",
                            "aria-label": "",
                            "type": "repeater",
                            "instructions": "",
                            "required": 0,
                            "conditional_logic": 0,
                            "wrapper": {
                                "width": "",
                                "class": "",
                                "id": ""
                            },
                            "layout": "table",
                            "pagination": 0,
                            "min": 0,
                            "max": 0,
                            "collapsed": "",
                            "button_label": "Eintrag hinzufügen",
                            "rows_per_page": 20,
                            "sub_fields": [
                                {
                                    "key": "field_64380144890f2",
                                    "label": "Name",
                                    "name": "name",
                                    "aria-label": "",
                                    "type": "text",
                                    "instructions": "",
                                    "required": 0,
                                    "conditional_logic": 0,
                                    "wrapper": {
                                        "width": "",
                                        "class": "",
                                        "id": ""
                                    },
                                    "default_value": "",
                                    "translations": "translate",
                                    "maxlength": "",
                                    "placeholder": "",
                                    "prepend": "",
                                    "append": "",
                                    "parent_repeater": "field_6438012f890f1"
                                }
                            ]
                        }
                    ]
                },
                {
                    "key": "field_643801e0f2d28",
                    "label": "chapters right",
                    "name": "chapters_right",
                    "aria-label": "",
                    "type": "repeater",
                    "instructions": "",
                    "required": 0,
                    "conditional_logic": 0,
                    "wrapper": {
                        "width": "",
                        "class": "",
                        "id": ""
                    },
                    "layout": "table",
                    "pagination": 0,
                    "min": 0,
                    "max": 0,
                    "collapsed": "",
                    "button_label": "Eintrag hinzufügen",
                    "rows_per_page": 20,
                    "sub_fields": [
                        {
                            "key": "field_643801f0f2d29",
                            "label": "text",
                            "name": "text",
                            "aria-label": "",
                            "type": "text",
                            "instructions": "",
                            "required": 0,
                            "conditional_logic": 0,
                            "wrapper": {
                                "width": "",
                                "class": "",
                                "id": ""
                            },
                            "default_value": "",
                            "translations": "translate",
                            "maxlength": "",
                            "placeholder": "",
                            "prepend": "",
                            "append": "",
                            "parent_repeater": "field_643801e0f2d28"
                        }
                    ]
                }
            ]
        },
        {
            "key": "field_6438027bcd371",
            "label": "Chapters Bottom",
            "name": "chapters_bottom",
            "aria-label": "",
            "type": "repeater",
            "instructions": "",
            "required": 0,
            "conditional_logic": 0,
            "wrapper": {
                "width": "",
                "class": "",
                "id": ""
            },
            "layout": "table",
            "pagination": 0,
            "min": 0,
            "max": 0,
            "collapsed": "",
            "button_label": "Eintrag hinzufügen",
            "rows_per_page": 20,
            "sub_fields": [
                {
                    "key": "field_64380287cd372",
                    "label": "Name",
                    "name": "name",
                    "aria-label": "",
                    "type": "text",
                    "instructions": "",
                    "required": 0,
                    "conditional_logic": 0,
                    "wrapper": {
                        "width": "",
                        "class": "",
                        "id": ""
                    },
                    "default_value": "",
                    "translations": "translate",
                    "maxlength": "",
                    "placeholder": "",
                    "prepend": "",
                    "append": "",
                    "parent_repeater": "field_6438027bcd371"
                },
                {
                    "key": "field_64380297cd373",
                    "label": "Sub Chapter",
                    "name": "sub_chapter",
                    "aria-label": "",
                    "type": "repeater",
                    "instructions": "",
                    "required": 0,
                    "conditional_logic": 0,
                    "wrapper": {
                        "width": "",
                        "class": "",
                        "id": ""
                    },
                    "layout": "table",
                    "pagination": 0,
                    "min": 0,
                    "max": 0,
                    "collapsed": "",
                    "button_label": "Eintrag hinzufügen",
                    "rows_per_page": 20,
                    "sub_fields": [
                        {
                            "key": "field_643802a1cd374",
                            "label": "name",
                            "name": "name",
                            "aria-label": "",
                            "type": "text",
                            "instructions": "",
                            "required": 0,
                            "conditional_logic": 0,
                            "wrapper": {
                                "width": "",
                                "class": "",
                                "id": ""
                            },
                            "default_value": "",
                            "translations": "translate",
                            "maxlength": "",
                            "placeholder": "",
                            "prepend": "",
                            "append": "",
                            "parent_repeater": "field_64380297cd373"
                        }
                    ],
                    "parent_repeater": "field_6438027bcd371"
                }
            ]
        }
    ],
    "location": [
        [
            {
                "param": "block",
                "operator": "==",
                "value": "acf\/organigramm"
            }
        ]
    ],
    "menu_order": 0,
    "position": "normal",
    "style": "default",
    "label_placement": "top",
    "instruction_placement": "label",
    "hide_on_screen": "",
    "active": true,
    "description": "",
    "show_in_rest": 0,
    "modified": 1681393494
}