{
    "key": "group_63e3ac2f039a2",
    "title": "Block: Button",
    "fields": [
        {
            "key": "field_63e3aca3c838d",
            "label": "Link",
            "name": "link",
            "aria-label": "",
            "type": "link",
            "instructions": "",
            "required": 0,
            "conditional_logic": 0,
            "wrapper": {
                "width": "",
                "class": "",
                "id": ""
            },
            "return_format": "array",
            "translations": "copy_once"
        },
        {
            "key": "field_63e3acafc838e",
            "label": "Style",
            "name": "display",
            "aria-label": "",
            "type": "group",
            "instructions": "",
            "required": 0,
            "conditional_logic": 0,
            "wrapper": {
                "width": "",
                "class": "",
                "id": ""
            },
            "wp-typography": "none",
            "layout": "block",
            "sub_fields": [
                {
                    "key": "field_63e3ad06c8390",
                    "label": "Size",
                    "name": "size",
                    "aria-label": "",
                    "type": "button_group",
                    "instructions": "",
                    "required": 0,
                    "conditional_logic": 0,
                    "wrapper": {
                        "width": "",
                        "class": "",
                        "id": ""
                    },
                    "wp-typography": "none",
                    "choices": {
                        "base": "default",
                        "xs": "xs",
                        "sm": "sm",
                        "lg": "lg",
                        "xl": "xl"
                    },
                    "default_value": "",
                    "return_format": "value",
                    "translations": "copy_once",
                    "allow_null": 0,
                    "layout": "vertical"
                },
                {
                    "key": "field_63e3af2bd0a99",
                    "label": "Position",
                    "name": "position",
                    "aria-label": "",
                    "type": "clone",
                    "instructions": "",
                    "required": 0,
                    "conditional_logic": 0,
                    "wrapper": {
                        "width": "",
                        "class": "",
                        "id": ""
                    },
                    "clone": [
                        "field_63fddf137717d"
                    ],
                    "display": "seamless",
                    "layout": "block",
                    "prefix_label": 0,
                    "prefix_name": 0
                },
                {
                    "key": "field_63f34d06623df",
                    "label": "Icon",
                    "name": "icon",
                    "aria-label": "",
                    "type": "clone",
                    "instructions": "",
                    "required": 0,
                    "conditional_logic": 0,
                    "wrapper": {
                        "width": "",
                        "class": "",
                        "id": ""
                    },
                    "clone": [
                        "field_63fdddbc600fd"
                    ],
                    "display": "seamless",
                    "layout": "block",
                    "prefix_label": 0,
                    "prefix_name": 0
                },
                {
                    "key": "field_63fddb3f3625d",
                    "label": "Color",
                    "name": "color",
                    "aria-label": "",
                    "type": "select",
                    "instructions": "",
                    "required": 0,
                    "conditional_logic": 0,
                    "wrapper": {
                        "width": "",
                        "class": "",
                        "id": ""
                    },
                    "wp-typography": "none",
                    "choices": {
                        "primary": "default",
                        "red": "red",
                        "neon": "neon"
                    },
                    "default_value": "primary",
                    "return_format": "value",
                    "multiple": 0,
                    "translations": "copy_once",
                    "allow_null": 0,
                    "ui": 0,
                    "ajax": 0,
                    "placeholder": ""
                },
                {
                    "key": "field_65292c719e5fb",
                    "label": "Style",
                    "name": "style",
                    "aria-label": "",
                    "type": "select",
                    "instructions": "",
                    "required": 0,
                    "conditional_logic": 0,
                    "wrapper": {
                        "width": "",
                        "class": "",
                        "id": ""
                    },
                    "wp-typography": "none",
                    "choices": {
                        "default": "default",
                        "outline": "outline",
                        "ghost": "ghost"
                    },
                    "default_value": "default",
                    "return_format": "value",
                    "multiple": 0,
                    "translations": "copy_once",
                    "allow_null": 0,
                    "ui": 0,
                    "ajax": 0,
                    "placeholder": ""
                }
            ]
        }
    ],
    "location": [
        [
            {
                "param": "block",
                "operator": "==",
                "value": "acf\/button"
            }
        ]
    ],
    "menu_order": 0,
    "position": "normal",
    "style": "default",
    "label_placement": "top",
    "instruction_placement": "label",
    "hide_on_screen": "",
    "active": true,
    "description": "",
    "show_in_rest": 0,
    "modified": 1698683642
}