{
    "key": "group_63e3b319b9f92",
    "title": "Clone Library",
    "fields": [
        {
            "key": "field_63e3b4bc78fbb",
            "label": "Color",
            "name": "color_light",
            "aria-label": "",
            "type": "select",
            "instructions": "",
            "required": 0,
            "conditional_logic": 0,
            "wrapper": {
                "width": "",
                "class": "",
                "id": ""
            },
            "choices": {
                "default": "Default",
                "white": "White",
                "gray": "Gray",
                "red-50": "Red",
                "green-50": "Green",
                "primary-50": "Blue",
                "neon": "Neon"
            },
            "default_value": false,
            "return_format": "value",
            "multiple": 0,
            "translations": "copy_once",
            "allow_null": 0,
            "ui": 0,
            "ajax": 0,
            "placeholder": ""
        },
        {
            "key": "field_642400595d82a",
            "label": "Color",
            "name": "color_dark",
            "aria-label": "",
            "type": "select",
            "instructions": "",
            "required": 0,
            "conditional_logic": 0,
            "wrapper": {
                "width": "",
                "class": "",
                "id": ""
            },
            "choices": {
                "default": "Default",
                "black": "Black",
                "gray-700": "Gray",
                "red": "Red",
                "green-700": "Green",
                "primary": "Blue",
                "neon-800": "Neon"
            },
            "default_value": false,
            "return_format": "value",
            "multiple": 0,
            "translations": "copy_once",
            "allow_null": 0,
            "ui": 0,
            "ajax": 0,
            "placeholder": ""
        },
        {
            "key": "field_63e3ad06c8390",
            "label": "Size",
            "name": "size",
            "aria-label": "",
            "type": "button_group",
            "instructions": "",
            "required": 0,
            "conditional_logic": 0,
            "wrapper": {
                "width": "",
                "class": "",
                "id": ""
            },
            "choices": {
                "base": "default",
                "xs": "xs",
                "sm": "sm",
                "lg": "lg",
                "xl": "xl"
            },
            "allow_null": 0,
            "default_value": "base : default",
            "layout": "horizontal",
            "return_format": "value",
            "translations": "copy_once"
        },
        {
            "key": "field_63fddf137717d",
            "label": "Position",
            "name": "position",
            "aria-label": "",
            "type": "button_group",
            "instructions": "",
            "required": 0,
            "conditional_logic": 0,
            "wrapper": {
                "width": "",
                "class": "",
                "id": ""
            },
            "choices": {
                "justify-start": "left",
                "justify-center": "center",
                "justify-end": "right"
            },
            "default_value": "justify-start : left",
            "return_format": "value",
            "translations": "copy_once",
            "allow_null": 0,
            "layout": "horizontal"
        },
        {
            "key": "field_63fdddbc600fd",
            "label": "Icon",
            "name": "icon",
            "aria-label": "",
            "type": "select",
            "instructions": "",
            "required": 0,
            "conditional_logic": 0,
            "wrapper": {
                "width": "",
                "class": "",
                "id": ""
            },
            "choices": {
                "none": "None",
                "arrow-right": "→",
                "arrow-down": "↓",
                "heart": "♥",
                "info": "ℹ",
                "search": "🔍"
            },
            "default_value": "none",
            "return_format": "value",
            "multiple": 0,
            "translations": "copy_once",
            "allow_null": 0,
            "ui": 0,
            "ajax": 0,
            "placeholder": ""
        },
        {
            "key": "field_63fe09e518224",
            "label": "Alignment",
            "name": "alignment",
            "aria-label": "",
            "type": "button_group",
            "instructions": "",
            "required": 0,
            "conditional_logic": 0,
            "wrapper": {
                "width": "",
                "class": "",
                "id": ""
            },
            "choices": {
                "default": "Default",
                "wide": "Wide",
                "full": "Full Width",
                "right": "Right"
            },
            "default_value": "default",
            "return_format": "value",
            "translations": "copy_once",
            "allow_null": 0,
            "layout": "horizontal"
        }
    ],
    "location": [
        [
            {
                "param": "options_page",
                "operator": "!=",
                "value": "acf-options"
            }
        ]
    ],
    "menu_order": 0,
    "position": "normal",
    "style": "default",
    "label_placement": "top",
    "instruction_placement": "label",
    "hide_on_screen": "",
    "active": true,
    "description": "",
    "show_in_rest": 0,
    "modified": 1723629438
}