{
    "key": "group_6332e573a4146",
    "title": "Block: Paragraph",
    "fields": [
        {
            "key": "field_65e59201ac85e",
            "label": "Content",
            "name": "",
            "aria-label": "",
            "type": "tab",
            "instructions": "",
            "required": 0,
            "conditional_logic": 0,
            "wrapper": {
                "width": "",
                "class": "",
                "id": ""
            },
            "placement": "top",
            "endpoint": 0
        },
        {
            "key": "field_6332e57c9e5c2",
            "label": "Content",
            "name": "paragraph",
            "aria-label": "",
            "type": "wysiwyg",
            "instructions": "",
            "required": 0,
            "conditional_logic": 0,
            "wrapper": {
                "width": "",
                "class": "",
                "id": ""
            },
            "default_value": "Placeholder text. Pleae add content here…",
            "translations": "translate",
            "tabs": "all",
            "toolbar": "wmde",
            "media_upload": 0,
            "delay": 0
        },
        {
            "key": "field_65e59212ac85f",
            "label": "Styles",
            "name": "",
            "aria-label": "",
            "type": "tab",
            "instructions": "",
            "required": 0,
            "conditional_logic": 0,
            "wrapper": {
                "width": "",
                "class": "",
                "id": ""
            },
            "placement": "top",
            "endpoint": 0
        },
        {
            "key": "field_64240bc8a13a7",
            "label": "Style",
            "name": "style",
            "aria-label": "",
            "type": "group",
            "instructions": "",
            "required": 0,
            "conditional_logic": 0,
            "wrapper": {
                "width": "",
                "class": "",
                "id": ""
            },
            "layout": "block",
            "sub_fields": [
                {
                    "key": "field_6332e7ddefe75",
                    "label": "Size",
                    "name": "text_size",
                    "aria-label": "",
                    "type": "button_group",
                    "instructions": "",
                    "required": 0,
                    "conditional_logic": 0,
                    "wrapper": {
                        "width": "",
                        "class": "",
                        "id": ""
                    },
                    "choices": {
                        "small": "small",
                        "base": "base",
                        "large": "large"
                    },
                    "default_value": "base",
                    "return_format": "value",
                    "translations": "copy_once",
                    "allow_null": 0,
                    "layout": "horizontal"
                },
                {
                    "key": "field_64240bd8a13a8",
                    "label": "Text Color",
                    "name": "text_color",
                    "aria-label": "",
                    "type": "select",
                    "instructions": "",
                    "required": 0,
                    "conditional_logic": 0,
                    "wrapper": {
                        "width": "",
                        "class": "",
                        "id": ""
                    },
                    "choices": {
                        "default": "Default",
                        "black": "Black",
                        "gray-700": "Gray",
                        "red": "Red",
                        "green-700": "Green",
                        "primary": "Blue",
                        "neon-800": "Neon",
                        "white": "White"
                    },
                    "default_value": "default",
                    "return_format": "value",
                    "multiple": 0,
                    "translations": "copy_once",
                    "allow_null": 0,
                    "ui": 0,
                    "ajax": 0,
                    "placeholder": ""
                }
            ]
        }
    ],
    "location": [
        [
            {
                "param": "block",
                "operator": "==",
                "value": "acf\/paragraph"
            }
        ]
    ],
    "menu_order": 0,
    "position": "normal",
    "style": "default",
    "label_placement": "top",
    "instruction_placement": "label",
    "hide_on_screen": "",
    "active": true,
    "description": "",
    "show_in_rest": 0,
    "modified": 1723630232
}