{
    "key": "group_63ee075fc78cc",
    "title": "Block: Spacer",
    "fields": [
        {
            "key": "field_63ee0802c943c",
            "label": "Size",
            "name": "size",
            "aria-label": "",
            "type": "button_group",
            "instructions": "",
            "required": 0,
            "conditional_logic": 0,
            "wrapper": {
                "width": "",
                "class": "",
                "id": ""
            },
            "choices": {
                "xs": "xs",
                "sm": "sm",
                "base": "base",
                "lg": "lg",
                "xl": "xl"
            },
            "default_value": "base",
            "return_format": "value",
            "translations": "copy_once",
            "allow_null": 0,
            "layout": "horizontal"
        },
        {
            "key": "field_641ad5f268af1",
            "label": "Add Divider",
            "name": "add_divider",
            "aria-label": "",
            "type": "true_false",
            "instructions": "Adds a horizontal thin line on top of the space.",
            "required": 0,
            "conditional_logic": 0,
            "wrapper": {
                "width": "",
                "class": "",
                "id": ""
            },
            "message": "",
            "default_value": 0,
            "translations": "copy_once",
            "ui_on_text": "Yes",
            "ui_off_text": "No",
            "ui": 1
        }
    ],
    "location": [
        [
            {
                "param": "block",
                "operator": "==",
                "value": "acf\/spacer"
            }
        ]
    ],
    "menu_order": 0,
    "position": "normal",
    "style": "default",
    "label_placement": "top",
    "instruction_placement": "label",
    "hide_on_screen": "",
    "active": true,
    "description": "",
    "show_in_rest": 0,
    "modified": 1679480686
}