{
    "key": "group_6660b44389b76",
    "title": "Block: Video Swiper",
    "fields": [
        {
            "key": "field_6660b443ddeec",
            "label": "Video Swiper",
            "name": "video_swiper",
            "aria-label": "",
            "type": "repeater",
            "instructions": "",
            "required": 0,
            "conditional_logic": 0,
            "wrapper": {
                "width": "",
                "class": "",
                "id": ""
            },
            "layout": "table",
            "pagination": 0,
            "min": 0,
            "max": 0,
            "collapsed": "",
            "button_label": "Eintrag hinzufügen",
            "rows_per_page": 20,
            "sub_fields": [
                {
                    "key": "field_6660b47addeee",
                    "label": "File",
                    "name": "file",
                    "aria-label": "",
                    "type": "file",
                    "instructions": "",
                    "required": 1,
                    "conditional_logic": 0,
                    "wrapper": {
                        "width": "",
                        "class": "",
                        "id": ""
                    },
                    "return_format": "array",
                    "library": "all",
                    "translations": "copy_once",
                    "min_size": "",
                    "max_size": "",
                    "mime_types": ".mp4",
                    "parent_repeater": "field_6660b443ddeec"
                },
                {
                    "key": "field_66619eddfb03b",
                    "label": "Poster Image",
                    "name": "poster_image",
                    "aria-label": "",
                    "type": "image",
                    "instructions": "Make sure that the poster image has the same aspect ratio than the video. Otherwise there could be jumping, when you press play.",
                    "required": 1,
                    "conditional_logic": 0,
                    "wrapper": {
                        "width": "",
                        "class": "",
                        "id": ""
                    },
                    "return_format": "array",
                    "library": "all",
                    "translations": "copy_once",
                    "min_width": "",
                    "min_height": "",
                    "min_size": "",
                    "max_width": "",
                    "max_height": "",
                    "max_size": "",
                    "mime_types": "",
                    "preview_size": "medium",
                    "parent_repeater": "field_6660b443ddeec"
                },
                {
                    "key": "field_6660b49eddeef",
                    "label": "Title",
                    "name": "title",
                    "aria-label": "",
                    "type": "text",
                    "instructions": "",
                    "required": 0,
                    "conditional_logic": 0,
                    "wrapper": {
                        "width": "",
                        "class": "",
                        "id": ""
                    },
                    "default_value": "",
                    "translations": "translate",
                    "maxlength": "",
                    "placeholder": "",
                    "prepend": "",
                    "append": "",
                    "parent_repeater": "field_6660b443ddeec"
                },
                {
                    "key": "field_6660b4bfddef1",
                    "label": "Description",
                    "name": "description",
                    "aria-label": "",
                    "type": "textarea",
                    "instructions": "",
                    "required": 0,
                    "conditional_logic": 0,
                    "wrapper": {
                        "width": "",
                        "class": "",
                        "id": ""
                    },
                    "default_value": "",
                    "translations": "translate",
                    "maxlength": "",
                    "rows": "",
                    "placeholder": "",
                    "new_lines": "",
                    "parent_repeater": "field_6660b443ddeec"
                }
            ]
        }
    ],
    "location": [
        [
            {
                "param": "block",
                "operator": "==",
                "value": "acf\/video-swiper"
            }
        ]
    ],
    "menu_order": 0,
    "position": "normal",
    "style": "default",
    "label_placement": "top",
    "instruction_placement": "label",
    "hide_on_screen": "",
    "active": true,
    "description": "",
    "show_in_rest": 0,
    "modified": 1717747322
}