{
    "key": "group_62bc1d571ee82",
    "title": "Block: Latest Press Releases",
    "fields": [
        {
            "key": "field_641ac0ec8a0d4",
            "label": "Show all",
            "name": "show_all",
            "aria-label": "",
            "type": "true_false",
            "instructions": "",
            "required": 0,
            "conditional_logic": 0,
            "wrapper": {
                "width": "",
                "class": "",
                "id": ""
            },
            "message": "",
            "default_value": 0,
            "translations": "copy_once",
            "ui_on_text": "",
            "ui_off_text": "",
            "ui": 1
        },
        {
            "key": "field_62bc1d737c94c",
            "label": "Number of items",
            "name": "count",
            "aria-label": "",
            "type": "number",
            "instructions": "",
            "required": 0,
            "conditional_logic": [
                [
                    {
                        "field": "field_641ac0ec8a0d4",
                        "operator": "!=",
                        "value": "1"
                    }
                ]
            ],
            "wrapper": {
                "width": "",
                "class": "",
                "id": ""
            },
            "default_value": 4,
            "translations": "copy_once",
            "min": 4,
            "max": "",
            "placeholder": "",
            "step": 4,
            "prepend": "",
            "append": ""
        },
        {
            "key": "field_643cec9d6adeb",
            "label": "Link to archive",
            "name": "link_to_archive",
            "aria-label": "",
            "type": "link",
            "instructions": "",
            "required": 0,
            "conditional_logic": [
                [
                    {
                        "field": "field_641ac0ec8a0d4",
                        "operator": "!=",
                        "value": "1"
                    }
                ]
            ],
            "wrapper": {
                "width": "",
                "class": "",
                "id": ""
            },
            "return_format": "array",
            "translations": "copy_once"
        }
    ],
    "location": [
        [
            {
                "param": "block",
                "operator": "==",
                "value": "acf\/latest-press-releases"
            }
        ]
    ],
    "menu_order": 0,
    "position": "normal",
    "style": "default",
    "label_placement": "top",
    "instruction_placement": "label",
    "hide_on_screen": "",
    "active": true,
    "description": "",
    "show_in_rest": 0,
    "modified": 1681714918
}