{
    "key": "group_64132beed2a28",
    "title": "Block: Publication Card",
    "fields": [
        {
            "key": "field_64132bee64ce9",
            "label": "Select Publication",
            "name": "select_publication",
            "aria-label": "",
            "type": "post_object",
            "instructions": "",
            "required": 0,
            "conditional_logic": 0,
            "wrapper": {
                "width": "",
                "class": "",
                "id": ""
            },
            "post_type": [
                "publications"
            ],
            "taxonomy": "",
            "return_format": "object",
            "multiple": 0,
            "translations": "copy_once",
            "allow_null": 0,
            "ui": 1
        },
        {
            "key": "field_6419a3b51d3c8",
            "label": "Hide Excerpt",
            "name": "hide_excerpt",
            "aria-label": "",
            "type": "true_false",
            "instructions": "",
            "required": 0,
            "conditional_logic": 0,
            "wrapper": {
                "width": "",
                "class": "",
                "id": ""
            },
            "message": "",
            "default_value": 0,
            "translations": "copy_once",
            "ui": 0,
            "ui_on_text": "",
            "ui_off_text": ""
        }
    ],
    "location": [
        [
            {
                "param": "block",
                "operator": "==",
                "value": "acf\/card-publication"
            }
        ]
    ],
    "menu_order": 0,
    "position": "normal",
    "style": "default",
    "label_placement": "top",
    "instruction_placement": "label",
    "hide_on_screen": "",
    "active": true,
    "description": "",
    "show_in_rest": 0,
    "modified": 1679401927
}