{
	"key": "group_63da65f585957",
	"title": "Block: Card",
	"fields": [
		{
			"key": "field_63e0f78f28456",
			"label": "Content",
			"name": "content",
			"aria-label": "",
			"type": "group",
			"instructions": "",
			"required": 0,
			"conditional_logic": 0,
			"wrapper": {
				"width": "",
				"class": "",
				"id": ""
			},
			"layout": "block",
			"sub_fields": [
				{
					"key": "field_63e37fb4cd051",
					"label": "Link or Post",
					"name": "link",
					"aria-label": "",
					"type": "link",
					"instructions": "This can also be the URL of a post from another Wikimedia DE site (e.g. Blog).",
					"required": 1,
					"conditional_logic": 0,
					"wrapper": {
						"width": "",
						"class": "",
						"id": ""
					},
					"return_format": "array",
					"translations": "copy_once"
				},
				{
					"key": "field_63eb9f55d4bb9",
					"label": "Alt. Details",
					"name": "alt_details",
					"aria-label": "",
					"type": "true_false",
					"instructions": "",
					"required": 0,
					"conditional_logic": 0,
					"wrapper": {
						"width": "",
						"class": "",
						"id": ""
					},
					"message": "",
					"default_value": 0,
					"translations": "copy_once",
					"ui_on_text": "",
					"ui_off_text": "",
					"ui": 1
				},
				{
					"key": "field_63da66b1a3fba",
					"label": "Alt. Image",
					"name": "image",
					"aria-label": "",
					"type": "image",
					"instructions": "",
					"required": 0,
					"conditional_logic": [
						[
							{
								"field": "field_63eb9f55d4bb9",
								"operator": "==",
								"value": "1"
							}
						]
					],
					"wrapper": {
						"width": "",
						"class": "",
						"id": ""
					},
					"return_format": "id",
					"library": "all",
					"translations": "copy_once",
					"min_width": "",
					"min_height": "",
					"min_size": "",
					"max_width": "",
					"max_height": "",
					"max_size": "",
					"mime_types": "",
					"preview_size": "thumbnail"
				},
				{
					"key": "field_64410302ab491",
					"label": "Alt. Excerpt",
					"name": "excerpt",
					"aria-label": "",
					"type": "textarea",
					"instructions": "",
					"required": 0,
					"conditional_logic": [
						[
							{
								"field": "field_63eb9f55d4bb9",
								"operator": "==",
								"value": "1"
							}
						]
					],
					"wrapper": {
						"width": "",
						"class": "",
						"id": ""
					},
					"default_value": "",
					"translations": "translate",
					"maxlength": "",
					"rows": "",
					"placeholder": "",
					"new_lines": ""
				},
				{
					"key": "field_63e0f87d28458",
					"label": "Alt. Themes",
					"name": "theme",
					"aria-label": "",
					"type": "taxonomy",
					"instructions": "",
					"required": 0,
					"conditional_logic": [
						[
							{
								"field": "field_63eb9f55d4bb9",
								"operator": "==",
								"value": "1"
							}
						]
					],
					"wrapper": {
						"width": "",
						"class": "",
						"id": ""
					},
					"taxonomy": "theme",
					"add_term": 0,
					"save_terms": 0,
					"load_terms": 0,
					"return_format": "object",
					"field_type": "multi_select",
					"allow_null": 1,
					"translations": "copy_once",
					"multiple": 0
				},
				{
					"key": "field_63e0f83a28457",
					"label": "Alt. Formats",
					"name": "format",
					"aria-label": "",
					"type": "taxonomy",
					"instructions": "",
					"required": 0,
					"conditional_logic": [
						[
							{
								"field": "field_63eb9f55d4bb9",
								"operator": "==",
								"value": "1"
							}
						]
					],
					"wrapper": {
						"width": "",
						"class": "",
						"id": ""
					},
					"taxonomy": "format",
					"add_term": 0,
					"save_terms": 0,
					"load_terms": 0,
					"return_format": "object",
					"field_type": "multi_select",
					"allow_null": 1,
					"translations": "copy_once",
					"multiple": 0
				}
			]
		},
		{
			"key": "field_63e0f8d92845a",
			"label": "Style",
			"name": "style",
			"aria-label": "",
			"type": "group",
			"instructions": "",
			"required": 0,
			"conditional_logic": 0,
			"wrapper": {
				"width": "",
				"class": "",
				"id": ""
			},
			"layout": "table",
			"sub_fields": [
				{
					"key": "field_642408cfaf519",
					"label": "Background Color",
					"name": "color_light",
					"aria-label": "",
					"type": "clone",
					"instructions": "",
					"required": 0,
					"conditional_logic": 0,
					"wrapper": {
						"width": "",
						"class": "",
						"id": ""
					},
					"clone": ["field_63e3b4bc78fbb"],
					"display": "seamless",
					"layout": "block",
					"prefix_label": 0,
					"prefix_name": 0,
					"choices": {
						"default": "Default",
						"white": "White",
						"gray": "Gray",
						"red-50": "Red",
						"green-50": "Green",
						"primary-50": "Blue",
						"neon": "Neon"
					}
				},
				{
					"key": "field_63e0d7b1b4052",
					"label": "Layout",
					"name": "layout",
					"aria-label": "",
					"type": "select",
					"instructions": "",
					"required": 0,
					"conditional_logic": 0,
					"wrapper": {
						"width": "",
						"class": "",
						"id": ""
					},
					"choices": {
						"v": "Vertical",
						"vne": "Vertical (no excerpt)",
						"hwe": "Horizontal 1-1",
						"h": "Horizontal 1-1 (no excerpt)",
						"h2we": "Horizontal 1-2",
						"h2": "Horizontal 1-2 (no excerpt)"
					},
					"default_value": false,
					"return_format": "value",
					"multiple": 0,
					"translations": "copy_once",
					"allow_null": 0,
					"ui": 0,
					"ajax": 0,
					"placeholder": ""
				}
			]
		}
	],
	"location": [
		[
			{
				"param": "block",
				"operator": "==",
				"value": "acf/card"
			}
		]
	],
	"menu_order": 0,
	"position": "normal",
	"style": "default",
	"label_placement": "top",
	"instruction_placement": "label",
	"hide_on_screen": "",
	"active": true,
	"description": "",
	"show_in_rest": 0,
	"modified": 1681982294
}
