{
    "key": "group_5cff8a6c26332",
    "title": "Block: Accordion",
    "fields": [
        {
            "key": "field_5cff8f2d76b51",
            "label": "Accordion",
            "name": "acfb_add_accordion",
            "aria-label": "",
            "type": "repeater",
            "instructions": "",
            "required": 0,
            "conditional_logic": 0,
            "wrapper": {
                "width": "",
                "class": "",
                "id": ""
            },
            "layout": "block",
            "pagination": 0,
            "min": 1,
            "max": 0,
            "collapsed": "",
            "button_label": "Add Accordion",
            "rows_per_page": 20,
            "sub_fields": [
                {
                    "key": "field_5cff8f3f76b52",
                    "label": "Title",
                    "name": "acfb_accordion_title",
                    "aria-label": "",
                    "type": "text",
                    "instructions": "",
                    "required": 0,
                    "conditional_logic": 0,
                    "wrapper": {
                        "width": "",
                        "class": "",
                        "id": ""
                    },
                    "default_value": "Accordion Title",
                    "translations": "translate",
                    "maxlength": "",
                    "placeholder": "Accordion Title",
                    "prepend": "",
                    "append": "",
                    "parent_repeater": "field_5cff8f2d76b51"
                },
                {
                    "key": "field_5cff8f5376b53",
                    "label": "Content",
                    "name": "acfb_accordion_content",
                    "aria-label": "",
                    "type": "wysiwyg",
                    "instructions": "",
                    "required": 0,
                    "conditional_logic": 0,
                    "wrapper": {
                        "width": "",
                        "class": "",
                        "id": ""
                    },
                    "default_value": "",
                    "translations": "translate",
                    "tabs": "all",
                    "toolbar": "full",
                    "media_upload": 0,
                    "delay": 0,
                    "parent_repeater": "field_5cff8f2d76b51"
                }
            ]
        }
    ],
    "location": [
        [
            {
                "param": "block",
                "operator": "==",
                "value": "acf\/accordion"
            }
        ]
    ],
    "menu_order": 0,
    "position": "normal",
    "style": "default",
    "label_placement": "top",
    "instruction_placement": "label",
    "hide_on_screen": "",
    "active": true,
    "description": "",
    "show_in_rest": 0,
    "modified": 1676036805
}