{
	"key": "group_649bed3d03719",
	"title": "Taxonomy: Team",
	"fields": [
		{
			"key": "field_649bed3dec8e6",
			"label": "Team Section Color",
			"name": "team_section_color",
			"aria-label": "",
			"type": "select",
			"instructions": "",
			"required": 0,
			"conditional_logic": 0,
			"wrapper": {
				"width": "",
				"class": "",
				"id": ""
			},
			"wp-typography": "none",
			"choices": {
				"default": "default"
			},
			"default_value": "gray",
			"return_format": "value",
			"multiple": 0,
			"translations": "copy_once",
			"allow_null": 0,
			"ui": 0,
			"ajax": 0,
			"placeholder": ""
		}
	],
	"location": [
		[
			{
				"param": "taxonomy",
				"operator": "==",
				"value": "team_category"
			}
		]
	],
	"menu_order": 0,
	"position": "normal",
	"style": "default",
	"label_placement": "top",
	"instruction_placement": "label",
	"hide_on_screen": "",
	"active": true,
	"description": "",
	"show_in_rest": 0,
	"modified": 1687942373
}
