{
    "key": "group_640098ff14d60",
    "title": "Block: Team Members",
    "fields": [
        {
            "key": "field_640098ff059d9",
            "label": "Team Members",
            "name": "team_members",
            "aria-label": "",
            "type": "post_object",
            "instructions": "",
            "required": 0,
            "conditional_logic": 0,
            "wrapper": {
                "width": "",
                "class": "",
                "id": ""
            },
            "post_type": [
                "team"
            ],
            "taxonomy": "",
            "return_format": "object",
            "multiple": 1,
            "translations": "copy_once",
            "allow_null": 0,
            "ui": 1
        },
        {
            "key": "field_64381f9342841",
            "label": "hide meta infos",
            "name": "hide_meta_infos",
            "aria-label": "",
            "type": "true_false",
            "instructions": "",
            "required": 0,
            "conditional_logic": 0,
            "wrapper": {
                "width": "",
                "class": "",
                "id": ""
            },
            "message": "",
            "default_value": 0,
            "translations": "copy_once",
            "ui_on_text": "yes",
            "ui_off_text": "no",
            "ui": 1
        },
        {
            "key": "field_64381faf42842",
            "label": "team member columns",
            "name": "team_member_columns",
            "aria-label": "",
            "type": "number",
            "instructions": "",
            "required": 0,
            "conditional_logic": 0,
            "wrapper": {
                "width": "",
                "class": "",
                "id": ""
            },
            "default_value": 2,
            "translations": "copy_once",
            "min": "",
            "max": "",
            "placeholder": "",
            "step": "",
            "prepend": "",
            "append": ""
        }
    ],
    "location": [
        [
            {
                "param": "block",
                "operator": "==",
                "value": "acf\/team-members"
            }
        ]
    ],
    "menu_order": 0,
    "position": "normal",
    "style": "default",
    "label_placement": "top",
    "instruction_placement": "label",
    "hide_on_screen": "",
    "active": true,
    "description": "",
    "show_in_rest": 0,
    "modified": 1681400340
}